{
  "training_date": "2025-12-16T19:38:29.605316",
  "run_id": "20251216_193829",
  "best_model": "LightGBM",
  "deployed": false,
  "metrics": {
    "accuracy": 0.9017249417249418,
    "balanced_accuracy": 0.8974481990102632,
    "macro_f1": 0.9026064516083401,
    "weighted_f1": 0.902329628446083
  },
  "previous_metrics": {
    "accuracy": 0.9756643356643356,
    "balanced_accuracy": 0.9576464501332467,
    "macro_f1": 0.9710084531137189,
    "weighted_f1": 0.9752289903726418
  },
  "models": {
    "lightgbm": {
      "metrics": {
        "accuracy": 0.9017249417249418,
        "balanced_accuracy": 0.8974481990102632,
        "macro_f1": 0.9026064516083401,
        "weighted_f1": 0.902329628446083
      },
      "training_time": 6.852962,
      "best_iteration": 186
    },
    "xgboost": {
      "metrics": {
        "accuracy": 0.8996736596736596,
        "balanced_accuracy": 0.8945734683626347,
        "macro_f1": 0.8964263173818958,
        "weighted_f1": 0.9003610551997484
      },
      "training_time": 6.916672
    },
    "random_forest": {
      "metrics": {
        "accuracy": 0.8697435897435898,
        "balanced_accuracy": 0.8399132416849522,
        "macro_f1": 0.8610984072292401,
        "weighted_f1": 0.8701631119622589
      },
      "training_time": 4.927486
    },
    "ensemble": {
      "accuracy": 0.9048951048951049,
      "balanced_accuracy": 0.8966374591716822,
      "macro_f1": 0.9019905107344359,
      "weighted_f1": 0.9054786143557344
    }
  }
}